{"RETIRED":{"yes":446930.0101010101,"no":795736.5252525252},"LAWYERS/LAW FIRMS":{"yes":934315.6565656565,"no":629198.404040404},"SECURITIES & INVESTMENT":{"yes":387900.0303030303,"no":453124.35353535356},"REAL ESTATE":{"yes":307955.1414141414,"no":383574.6767676768},"HEALTH PROFESSIONALS":{"yes":218905.40404040404,"no":365602.8686868687},"MISC FINANCE":{"yes":42488.9595959596,"no":145783.0404040404},"BUSINESS SERVICES":{"yes":70918.11111111111,"no":70693.17171717172},"COMMERCIAL BANKS":{"yes":23913.343434343435,"no":101674.0303030303},"HOSPITALS/NURSING HOMES":{"yes":19813.040404040403,"no":19421.555555555555},"INSURANCE":{"yes":74161.25252525252,"no":249530.36363636365},"LOBBYISTS":{"yes":156589.53535353535,"no":144288.9393939394},"PHARMACEUTICALS/HEALTH PRODUCTS":{"yes":22405.52525252525,"no":76538.12121212122},"HEALTH SERVICES/HMOS":{"yes":0,"no":7774.929292929293},"ELECTRIC UTILITIES":{"yes":0,"no":53736.232323232325},"OIL & GAS":{"yes":0,"no":153283.9090909091},"LEADERSHIP PACS":{"yes":98918.95959595959,"no":210760.91919191918},"MINING":{"yes":0,"no":17903.20202020202},"WOMEN'S ISSUES":{"yes":192790.46464646465,"no":6779.444444444444},"DEMOCRATIC/LIBERAL":{"yes":110220.42424242424,"no":66747.0202020202},"HUMAN RIGHTS":{"yes":6361.69696969697,"no":0},"EDUCATION":{"yes":59038.11111111111,"no":4566.79797979798},"INDUSTRIAL UNIONS":{"yes":7304.868686868687,"no":5726.262626262626},"PUBLIC SECTOR UNIONS":{"yes":20298.161616161615,"no":9311.111111111111},"REPUBLICAN/CONSERVATIVE":{"yes":6894.989898989899,"no":175801.30303030304},"TV/MOVIES/MUSIC":{"yes":132105.35353535353,"no":6140.454545454545},"MISC BUSINESS":{"yes":25896.656565656565,"no":77539.70707070707},"RETAIL SALES":{"yes":3175.252525252525,"no":2019.6666666666667},"GENERAL CONTRACTORS":{"yes":11488.70707070707,"no":23794.68686868687},"PRO-ISRAEL":{"yes":125667.0505050505,"no":19111.747474747473},"COMPUTERS/INTERNET":{"yes":26738.858585858587,"no":12699.333333333334},"CASINOS/GAMBLING":{"yes":23569.717171717173,"no":8429.454545454546},"FINANCE/CREDIT COMPANIES":{"yes":4139.010101010101,"no":10846.757575757576},"CROP PRODUCTION & BASIC PROCESSING":{"yes":13500.444444444445,"no":37353.78787878788},"AGRICULTURAL SERVICES/PRODUCTS":{"yes":0,"no":28325.40404040404},"MISC MANUFACTURING & DISTRIBUTING":{"yes":25759.50505050505,"no":20897.929292929293},"DEFENSE AEROSPACE":{"yes":0,"no":7080.606060606061},"ACCOUNTANTS":{"yes":47.97979797979798,"no":2062.7373737373737},"BUILDING TRADE UNIONS":{"yes":5151.686868686868,"no":3618.181818181818},"TRANSPORTATION UNIONS":{"yes":12386.717171717171,"no":2121.212121212121},"PRINTING & PUBLISHING":{"yes":7053.737373737374,"no":0},"ENVIRONMENT":{"yes":0,"no":12895.39393939394},"CONSTRUCTION SERVICES":{"yes":15265.636363636364,"no":0},"FOOD PROCESSING & SALES":{"yes":0,"no":1455.030303030303},"FOOD & BEVERAGE":{"yes":0,"no":6587.828282828283},"AUTOMOTIVE":{"yes":4426.50505050505,"no":0},"RAILROADS":{"yes":0,"no":3038.3030303030305},"AIR TRANSPORT":{"yes":5041.414141414141,"no":3019.40404040404},"MISC UNIONS":{"yes":1712.6262626262626,"no":0},"CIVIL SERVANTS/PUBLIC OFFICIALS":{"yes":145.45454545454547,"no":0},"ELECTRONICS MFG & SERVICES":{"yes":45.45454545454545,"no":0},"FORESTRY & FOREST PRODUCTS":{"yes":0,"no":3488.949494949495},"MISC DEFENSE":{"yes":0,"no":4363.272727272727},"DEFENSE ELECTRONICS":{"yes":0,"no":4142.252525252526},"SEA TRANSPORT":{"yes":0,"no":5831.444444444444}}
